{
  "SDR_BUDGET": {
    "USD": 0.58252,
    "EUR": 0.38671,
    "CNY": 1.0174,
    "JPY": 11.900,
    "GBP": 0.085946
  },
  "EXCHANGE": {
    "WHITELIST": [
      "bitbay", "bitlish", "bitmex", "bitsane", "cex", "coinbase",  "coinmarketcap", "dsx", "gdax", "liquid","okex",
      "bithumb", "coinmarketcap", "coinnest", "coinone", "upbit", "gopax"
    ],
    "BLACKLIST": [
      "anxpro", "coingi", "jubi", "coinegg", "theocean", "bitstamp1", "mixcoins"
    ]
  },
  "UPDATER": {
    "PERIOD": 10,
    "CURRENCIES": [
      "USD",
      "KRW"
    ],
    "DENOM": "LUNA"
  },
  "API_KEYS": {
    "CURRENCYLAYER": "",
    "ONEFORGE": "",
    "FIXER": "",
    "OANDA": ""
  }
}
